enlace,name
https://www.misprofesores.com/profesores/Tere-A.-Mason_172910,"a. mason, tere"
https://www.misprofesores.com/profesores/Leticia-Abrego-Gonzalez_45714,"abrego gonzalez, leticia"
https://www.misprofesores.com/profesores/Samuel-Acosta-Galvan_127536,"acosta galvan, samuel"
https://www.misprofesores.com/profesores/Berenice-Acosta_144997,"acosta, berenice"
https://www.misprofesores.com/profesores/Laura-Acuna_33416,"acuna, laura"
https://www.misprofesores.com/profesores/Alejandra-Aguayo_64512,"aguayo, alejandra"
https://www.misprofesores.com/profesores/Andrea-Aguilar-Arredondo_79783,"aguilar arredondo, andrea"
https://www.misprofesores.com/profesores/Jesus-Aguilar-Nery_78850,"aguilar nery, jesus"
https://www.misprofesores.com/profesores/UNIBERCIDAD.AUTONOMA-DE MEXICO-Aguilar-Ribera_137190,"aguilar ribera, unibercidad.autonoma de mexico"
https://www.misprofesores.com/profesores/John-Akerman_170496,"akerman, john"
https://www.misprofesores.com/profesores/German-Akvarez_109069,"akvarez, german"
https://www.misprofesores.com/profesores/MARIA-TERESA-ALANIS_60126,"teresa alanis, maria"
https://www.misprofesores.com/profesores/javier-alatorre-rico_32238,"alatorre rico, javier"
https://www.misprofesores.com/profesores/Carlos-Alburquerque_26672,"alburquerque, carlos"
https://www.misprofesores.com/profesores/Veronica-Ma. del Consuelo-Alcala-Herrera_19932,"alcala herrera, veronica ma. del consuelo"
https://www.misprofesores.com/profesores/Alejandra-Alejandra_76161,"alejandra, alejandra"
https://www.misprofesores.com/profesores/Miguel-angel-alejandre-arguijo_65828,"alejandre arguijo, miguel angel"
https://www.misprofesores.com/profesores/Mariel-Almaguer-Azpeitia_147489,"almaguer azpeitia, mariel"
https://www.misprofesores.com/profesores/Carol-Almaguer-Salcido_163918,"almaguer salcido, carol"
https://www.misprofesores.com/profesores/Carol-Almaguer_164001,"almaguer, carol"
https://www.misprofesores.com/profesores/Carla-Ailed-Almazan-Rojas_160860,"almazan rojas, carla ailed"
https://www.misprofesores.com/profesores/Adriana-Ixel-Alonso-Orozco_124015,"alonso orozco, adriana ixel"
https://www.misprofesores.com/profesores/Elda-Alicia-Alva-Canto_75325,"alva canto, elda alicia"
https://www.misprofesores.com/profesores/Roberto-Alvarado-Tenorio_31563,"alvarado tenorio, roberto"
https://www.misprofesores.com/profesores/Jorge-Alvarez-Martinez_113601,"alvarez martinez, jorge"
https://www.misprofesores.com/profesores/German-Alvarez_150405,"alvarez, german"
https://www.misprofesores.com/profesores/David-Amaya-Mora_56656,"amaya mora, david"
https://www.misprofesores.com/profesores/Amada-Ampudia_25227,"ampudia, amada"
https://www.misprofesores.com/profesores/Patricia-Andrade-palos_137280,"andrade palos, patricia"
https://www.misprofesores.com/profesores/Alfredo-Anguiano-Sanchez_163591,"anguiano sanchez, alfredo"
https://www.misprofesores.com/profesores/alan-antonio-correa_117753,"antonio correa, alan"
https://www.misprofesores.com/profesores/Oscar-Javier-Arce-Velasco_43334,"arce velasco, oscar javier"
https://www.misprofesores.com/profesores/Consuelo-Arce_137090,"arce, consuelo"
https://www.misprofesores.com/profesores/Gabriela-Cristina-Arenas-mancilla_114579,"arenas mancilla, gabriela cristina"
https://www.misprofesores.com/profesores/Paulina-Arenas_51373,"arenas, paulina"
https://www.misprofesores.com/profesores/Mario-Alberto-Arias-Garcia_171803,"arias garcia, mario alberto"
https://www.misprofesores.com/profesores/Mario-Alberto-Arias-Garcia_108453,"arias garcia, mario alberto"
https://www.misprofesores.com/profesores/Natalia-Arias-Trejo_71800,"arias trejo, natalia"
https://www.misprofesores.com/profesores/Carolina-Armenta-Hurtarte_108423,"armenta hurtarte, carolina"
https://www.misprofesores.com/profesores/Celina-Arredondo_137651,"arredondo, celina"
https://www.misprofesores.com/profesores/Monserrat-Arroyo_107327,"arroyo, monserrat"
https://www.misprofesores.com/profesores/Sergio-Arvizu-mustamante_171358,"arvizu mustamante, sergio"
https://www.misprofesores.com/profesores/Martinez-Ruvalcaba-Augusto_100792,"ruvalcaba augusto, martinez"
https://www.misprofesores.com/profesores/David-Auron-Zaltzman_19948,"auron zaltzman, david"
https://www.misprofesores.com/profesores/Tanya-paulina-Avelar-flores_140023,"avelar flores, tanya paulina"
https://www.misprofesores.com/profesores/Cristina-Avelar-Rodriguez_42363,"avelar rodriguez, cristina"
https://www.misprofesores.com/profesores/Ma.-del Rocio Purificacion-Avendano-Sandoval_19936,"avendano sandoval, ma. del rocio purificacion"
https://www.misprofesores.com/profesores/Rocio-Avendano_23766,"avendano, rocio"
https://www.misprofesores.com/profesores/Rocio-Avendano_23765,"avendano, rocio"
https://www.misprofesores.com/profesores/JOSE-LUIS SALVADOR-AVILA-CALDERON_55493,"avila calderon, jose luis salvador"
https://www.misprofesores.com/profesores/Fructuoso-Ayala-Guerrero_33730,"ayala guerrero, fructuoso"
https://www.misprofesores.com/profesores/David-Francisco-Ayala-Murguia_134345,"ayala murguia, david francisco"
https://www.misprofesores.com/profesores/David-Ayala_28276,"ayala, david"
https://www.misprofesores.com/profesores/Gustavo-Bacha-Mendez_26068,"bacha mendez, gustavo"
https://www.misprofesores.com/profesores/Victor-Ballesteros-lopez_140699,"ballesteros lopez, victor"
https://www.misprofesores.com/profesores/Jose-Luis-Baroja-Manzano_83906,"baroja manzano, jose luis"
https://www.misprofesores.com/profesores/Jose-Luis-Baroja_93383,"luis baroja, jose"
https://www.misprofesores.com/profesores/Jose-Luis-Baroja_93382,"luis baroja, jose"
https://www.misprofesores.com/profesores/kirareset-barrera-garcia_90293,"barrera garcia, kirareset"
https://www.misprofesores.com/profesores/Kirareset-Barrera-Garcia_180387,"barrera garcia, kirareset"
https://www.misprofesores.com/profesores/Jose-Luis-Barrera-Gutierrez_123017,"barrera gutierrez, jose luis"
https://www.misprofesores.com/profesores/Maria-Jose-Barrera-Olmedo_80779,"barrera olmedo, maria jose"
https://www.misprofesores.com/profesores/Kirareset-Barrera_30448,"barrera, kirareset"
https://www.misprofesores.com/profesores/Alejandra-Barrientos-Maldonado_76162,"barrientos maldonado, alejandra"
https://www.misprofesores.com/profesores/Angelica-Bautista-Lopez_58793,"bautista lopez, angelica"
https://www.misprofesores.com/profesores/Angelica-Leticia-Bautista-Lopez_58868,"bautista lopez, angelica leticia"
https://www.misprofesores.com/profesores/Joaquin-Alberto-Bautista-Padilla_75937,"bautista padilla, joaquin alberto"
https://www.misprofesores.com/profesores/Raymundo-Bazan_180957,"bazan, raymundo"
https://www.misprofesores.com/profesores/ANA-MARIA-BANUELOS-MARQUEZ_75713,"banuelos marquez, ana maria"
https://www.misprofesores.com/profesores/Ana-Maria-Banuelos-Marquez_172884,"banuelos marquez, ana maria"
https://www.misprofesores.com/profesores/Maria-Santos-Becerril-Perez_64249,"becerril perez, maria santos"
https://www.misprofesores.com/profesores/Patricia-Josefina-Bedolla-Miranda_41380,"bedolla miranda, patricia josefina"
https://www.misprofesores.com/profesores/Nazira-Bello-Calleja_30429,"bello calleja, nazira"
https://www.misprofesores.com/profesores/Rodrigo-Benavides_123970,"benavides, rodrigo"
https://www.misprofesores.com/profesores/Corina-Benjet_66172,"benjet, corina"
https://www.misprofesores.com/profesores/Jose-Luis-Benitez-Islas_59272,"benitez islas, jose luis"
https://www.misprofesores.com/profesores/fabiola-berlanga_155701,"berlanga, fabiola"
https://www.misprofesores.com/profesores/Patricia-Bermudez-Lozano_124767,"bermudez lozano, patricia"
https://www.misprofesores.com/profesores/Rodolfo-Bernal-Gamboa_63960,"bernal gamboa, rodolfo"
https://www.misprofesores.com/profesores/Yolanda-Bernal-Alvarez_49801,"bernal alvarez, yolanda"
https://www.misprofesores.com/profesores/Juan-Carlos-Bojalil-Munos_134522,"bojalil munos, juan carlos"
https://www.misprofesores.com/profesores/Arturo-Bouzas-Riano_26598,"bouzas riano, arturo"
https://www.misprofesores.com/profesores/Andrea-Bravo-Doddoli_172162,"bravo doddoli, andrea"
https://www.misprofesores.com/profesores/luis-Fernando-Brito_90098,"fernando brito, luis"
https://www.misprofesores.com/profesores/Annemarie-Bruggman-Garcia_38184,"bruggman garcia, annemarie"
https://www.misprofesores.com/profesores/Carlos-Bruner_35642,"bruner, carlos"
https://www.misprofesores.com/profesores/Leticia-Bustos-de la Tijera_26625,"bustos de la tijera, leticia"
https://www.misprofesores.com/profesores/OLGA-BUSTOS-ROMERO_26626,"bustos romero, olga"
https://www.misprofesores.com/profesores/enrique-buzo-casanova_36970,"buzo casanova, enrique"
https://www.misprofesores.com/profesores/Jonathan-Caballero-Meneses_60602,"caballero meneses, jonathan"
https://www.misprofesores.com/profesores/Alejandra-Caballero_158102,"caballero, alejandra"
https://www.misprofesores.com/profesores/Ingrid-Marissa-Cabrera-Zamora_41356,"cabrera zamora, ingrid marissa"
https://www.misprofesores.com/profesores/LUIS-EMILIO-CACERES-ALVARADO_133340,"caceres alvarado, luis emilio"
https://www.misprofesores.com/profesores/Luis-Emilio-Caceres-Alvarado_41357,"caceres alvarado, luis emilio"
https://www.misprofesores.com/profesores/Anaid-Caletti_54437,"caletti, anaid"
https://www.misprofesores.com/profesores/Jaime-Eduardo-Calixto-Gonzalez_41403,"calixto gonzalez, jaime eduardo"
https://www.misprofesores.com/profesores/Yael-Calixto_108763,"calixto, yael"
https://www.misprofesores.com/profesores/Nazira-Calleja-Bello_51251,"calleja bello, nazira"
https://www.misprofesores.com/profesores/Miriam-Camacho-Valladares_183196,"camacho valladares, miriam"
https://www.misprofesores.com/profesores/miriam-camacho_30260,"camacho, miriam"
https://www.misprofesores.com/profesores/Patricia-Edith-Campos-Coy_44570,"campos coy, patricia edith"
https://www.misprofesores.com/profesores/Rosa-Ma.-Campos-Morales_19947,"campos morales, rosa ma."
https://www.misprofesores.com/profesores/Jair-Canchola-Castillo_179641,"canchola castillo, jair"
https://www.misprofesores.com/profesores/Maria-Elena-Cano-Salazar_90180,"cano salazar, maria elena"
https://www.misprofesores.com/profesores/Selene-Cansino_42897,"cansino, selene"
https://www.misprofesores.com/profesores/Edith-Carbajal_124700,"carbajal, edith"
https://www.misprofesores.com/profesores/Aurora-Cardenas-Lopez_68447,"cardenas lopez, aurora"
https://www.misprofesores.com/profesores/Laura-Lorena-Cardenas-Lugo_165194,"cardenas lugo, laura lorena"
https://www.misprofesores.com/profesores/Maria-Georgina-Cardenas-Lopez_90445,"cardenas lopez, maria georgina"
https://www.misprofesores.com/profesores/Lucio-Cardenas-Rodriguez_26609,"cardenas rodriguez, lucio"
https://www.misprofesores.com/profesores/Gloria-Careaga-Perez_42610,"careaga perez, gloria"
https://www.misprofesores.com/profesores/jesus-Carlos-G._23772,"carlos g., jesus"
https://www.misprofesores.com/profesores/jose-jesus-Carlos-Guzman_46264,"carlos guzman, jose jesus"
https://www.misprofesores.com/profesores/Alejandro-Carrillo-Uribe_172161,"carrillo uribe, alejandro"
https://www.misprofesores.com/profesores/Angel-Gabino-Casales-Leon_56824,"casales leon, angel gabino"
https://www.misprofesores.com/profesores/Cesar-Casasola-Castro_19946,"casasola castro, cesar"
https://www.misprofesores.com/profesores/Sandra-Nicolasa Guadalupe-Castaneda-Figueiras_55180,"castaneda figueiras, sandra nicolasa guadalupe"
https://www.misprofesores.com/profesores/Irma-Graciela-Castaneda_100805,"graciela castaneda, irma"
https://www.misprofesores.com/profesores/Diana-Castillo-Padilla_76180,"castillo padilla, diana"
https://www.misprofesores.com/profesores/abrham-castro-balboa_50454,"castro balboa, abrham"
https://www.misprofesores.com/profesores/ABRAHAM-CASTRO-ROMERO_32621,"castro romero, abraham"
https://www.misprofesores.com/profesores/Karla-Alejandra-Cervantes-Bazan_90765,"cervantes bazan, karla alejandra"
https://www.misprofesores.com/profesores/JOSE-ALFREDO-CERVANTES-TOLENTO_47102,"cervantes tolento, jose alfredo"
https://www.misprofesores.com/profesores/Ana-Karen-Cervantes_134135,"karen cervantes, ana"
https://www.misprofesores.com/profesores/Silvia-Chaine_70797,"chaine, silvia"
https://www.misprofesores.com/profesores/Brebda-Concepcion-Chambert-Morales_134007,"chambert morales, brebda concepcion"
https://www.misprofesores.com/profesores/Brenda-Concepcion-Chambert-Morales_134008,"chambert morales, brenda concepcion"
https://www.misprofesores.com/profesores/Ana-Celia-Chapa-Romero_74721,"chapa romero, ana celia"
https://www.misprofesores.com/profesores/Salvador-Chavarria-Luna_71398,"chavarria luna, salvador"
https://www.misprofesores.com/profesores/cuahutemoc-chavez-zavaeta_31610,"chavez zavaeta, cuahutemoc"
https://www.misprofesores.com/profesores/MELISA-ERENDIRA-CHAVEZ-GUERRERO_134189,"chavez guerrero, melisa erendira"
https://www.misprofesores.com/profesores/PAULA-CHAVEZ-SANTAMARIA_166575,"chavez santamaria, paula"
https://www.misprofesores.com/profesores/Paula-Chavez_170497,"chavez, paula"
https://www.misprofesores.com/profesores/Ma.-Patricia-CHEANG-CHAO GONZALEZ_67124,"cheang chao gonzalez, ma. patricia"
https://www.misprofesores.com/profesores/Benjamin-Chirino-Arroyo_154341,"chirino arroyo, benjamin"
https://www.misprofesores.com/profesores/Benjamin-Chirino_154077,"chirino, benjamin"
https://www.misprofesores.com/profesores/Melisa-Erendira-Chavez-Guerrero_132605,"chavez guerrero, melisa erendira"
https://www.misprofesores.com/profesores/Alejandra-Chavez-Murguia_161341,"chavez murguia, alejandra"
https://www.misprofesores.com/profesores/PAULA-CHAVEZ-SANTAMARIA_72058,"chavez santamaria, paula"
https://www.misprofesores.com/profesores/Varela-Alejandra-Ciria-Fernandez_135538,"ciria fernandez, varela alejandra"
https://www.misprofesores.com/profesores/Oscar-Alberto-Clavellina-Lopez_51609,"clavellina lopez, oscar alberto"
https://www.misprofesores.com/profesores/LIGIA-COLMENARES-VAZQUEZ_104172,"colmenares vazquez, ligia"
https://www.misprofesores.com/profesores/Ligia-Colmenares_35725,"colmenares, ligia"
https://www.misprofesores.com/profesores/Concepcion-Conde-Alvarez_62482,"conde alvarez, concepcion"
https://www.misprofesores.com/profesores/maria-del carmen-conroy_29000,"del carmen conroy, maria"
https://www.misprofesores.com/profesores/Jose-Alfredo-Contreras-Valdez_107328,"contreras valdez, jose alfredo"
https://www.misprofesores.com/profesores/Luis-Fernando-Corchado-Munguia_138116,"corchado munguia, luis fernando"
https://www.misprofesores.com/profesores/ALBERTO-JAVIER-CORDOVA-ALCARAZ_42301,"cordova alcaraz, alberto javier"
https://www.misprofesores.com/profesores/Victor-Coreno-Rodriguez_59864,"coreno rodriguez, victor"
https://www.misprofesores.com/profesores/PATRICIA-CORRES_24073,"corres, patricia"
https://www.misprofesores.com/profesores/Maria-Asuncion del Carmelo-Corsi-Cabrera_45299,"corsi cabrera, maria asuncion del carmelo"
https://www.misprofesores.com/profesores/tomas-cortes-solis_60157,"cortes solis, tomas"
https://www.misprofesores.com/profesores/Tomas-Cortes_27948,"cortes, tomas"
https://www.misprofesores.com/profesores/Fernando-Cortes_42294,"cortes, fernando"
https://www.misprofesores.com/profesores/Alejandra-Cruz-Cruz_80241,"cruz cruz, alejandra"
https://www.misprofesores.com/profesores/Rafael-Cruz-Velazquez_105106,"cruz velazquez, rafael"
https://www.misprofesores.com/profesores/felipe-cruz_31257,"cruz, felipe"
https://www.misprofesores.com/profesores/Francisca-Cruz_36407,"cruz, francisca"
https://www.misprofesores.com/profesores/Jose-saturnino Ignacio-cueli-garcia_70302,"cueli garcia, jose saturnino ignacio"
https://www.misprofesores.com/profesores/Jose-Cueli-Garcia_50916,"cueli garcia, jose"
https://www.misprofesores.com/profesores/Martha-Maria-Cuevas-Abad_19966,"cuevas abad, martha maria"
https://www.misprofesores.com/profesores/CORINA-MARGARITA-CUEVAS-RENAUD_32970,"cuevas renaud, corina margarita"
https://www.misprofesores.com/profesores/Corina-Margarita-Cuevas-Renaud_19956,"cuevas renaud, corina margarita"
https://www.misprofesores.com/profesores/Josafat-Cuevas-Salazar_53972,"cuevas salazar, josafat"
https://www.misprofesores.com/profesores/Joaquin-Cuevas_56382,"cuevas, joaquin"
https://www.misprofesores.com/profesores/Christian-Giovani-Curiel-Guerrero_175203,"curiel guerrero, christian giovani"
https://www.misprofesores.com/profesores/Christian-Curiel_92902,"curiel, christian"
https://www.misprofesores.com/profesores/Lilian-Dabdoub-Alvarado_19968,"dabdoub alvarado, lilian"
https://www.misprofesores.com/profesores/Diaz-Mercado-David_42352,"mercado david, diaz"
https://www.misprofesores.com/profesores/Patricia-de-Buen Rodriguez_37022,"de buen rodriguez, patricia"
https://www.misprofesores.com/profesores/marisol-de-diego correa_94281,"de diego correa, marisol"
https://www.misprofesores.com/profesores/Gabriela-De-la Cruz Flores_44571,"de la cruz flores, gabriela"
https://www.misprofesores.com/profesores/Busto-De-la tijera_125276,"de la tijera, busto"
https://www.misprofesores.com/profesores/Rocio-Ivonne-De-la Vega Morales_141727,"de la vega morales, rocio ivonne"
https://www.misprofesores.com/profesores/Maria-Fernanda-De-los Santos Chapa_109276,"de los santos chapa, maria fernanda"
https://www.misprofesores.com/profesores/Brandon-De-Nova_86724,"de nova, brandon"
https://www.misprofesores.com/profesores/Irma-Yolanda-del-Rio Portilla_19957,"del rio portilla, irma yolanda"
https://www.misprofesores.com/profesores/Gabriela-Delgado-Ballesteros_59244,"delgado ballesteros, gabriela"
https://www.misprofesores.com/profesores/Carlos-Delgado-Pastrana_154160,"delgado pastrana, carlos"
https://www.misprofesores.com/profesores/Georgina-Delgado_28218,"delgado, georgina"
https://www.misprofesores.com/profesores/Georgina-Delgado_177657,"delgado, georgina"
https://www.misprofesores.com/profesores/Ma.-Isabel-Delsordo-Lopez_19969,"delsordo lopez, ma. isabel"
https://www.misprofesores.com/profesores/Karla-Denisse_167242,"denisse, karla"
https://www.misprofesores.com/profesores/david-diaz-mercado_37127,"diaz mercado, david"
https://www.misprofesores.com/profesores/JOSE-LUIS-Diaz-Meza_22869,"diaz meza, jose luis"
https://www.misprofesores.com/profesores/JOSE-LUIS-DIAZ-MEZA_166578,"diaz meza, jose luis"
https://www.misprofesores.com/profesores/Lidia-Diaz-San Juan_27947,"diaz san juan, lidia"
https://www.misprofesores.com/profesores/CAROLINA-DIAZ-WALLS_42489,"diaz walls, carolina"
https://www.misprofesores.com/profesores/Olga-Dionisio_107254,"dionisio, olga"
https://www.misprofesores.com/profesores/Olga-Dionisio_107253,"dionisio, olga"
https://www.misprofesores.com/profesores/Benjamin-Dominguez-Trejo_63948,"dominguez trejo, benjamin"
https://www.misprofesores.com/profesores/TANIA-FABIOLA-DOMINGUEZ-ZUNIGA_108887,"dominguez zuniga, tania fabiola"
https://www.misprofesores.com/profesores/Alejandra-del Carmen-Dominguez_51366,"del carmen dominguez, alejandra"
https://www.misprofesores.com/profesores/Paola-Ina-Dominguez-Gonzalez_166583,"dominguez gonzalez, paola ina"
https://www.misprofesores.com/profesores/Maria-Eugenia de Lourdes-Dorantes-Guevara_45734,"dorantes guevara, maria eugenia de lourdes"
https://www.misprofesores.com/profesores/CLAUDETTE-DUDET-LIONS_39163,"dudet lions, claudette"
https://www.misprofesores.com/profesores/Monse-Duenas-Tinoco_57430,"duenas tinoco, monse"
https://www.misprofesores.com/profesores/Raul-Duron-Figueroa_176489,"duron figueroa, raul"
https://www.misprofesores.com/profesores/Frida-Diaz-Barriga_35736,"diaz barriga, frida"
https://www.misprofesores.com/profesores/Magdalena-Diaz-Castro_46279,"diaz castro, magdalena"
https://www.misprofesores.com/profesores/Ana-Maria Eugenia-Diaz-De Leon D Hers_43318,"diaz de leon d hers, ana maria eugenia"
https://www.misprofesores.com/profesores/Ricardo-Diaz-Gutierrez_19960,"diaz gutierrez, ricardo"
https://www.misprofesores.com/profesores/Rolando-Diaz-Loving_19970,"diaz loving, rolando"
https://www.misprofesores.com/profesores/Nury-Domenech-Torrens_19963,"domenech torrens, nury"
https://www.misprofesores.com/profesores/Gutierrez-Cuevas-Edgar_42330,"cuevas edgar, gutierrez"
https://www.misprofesores.com/profesores/Maria-Susana-Eguia-Malo_103269,"eguia malo, maria susana"
https://www.misprofesores.com/profesores/Susana-Eguia-Malo_37361,"eguia malo, susana"
https://www.misprofesores.com/profesores/Sanchez-Fernandez-Elda-Luisa_49384,"elda luisa, sanchez fernandez"
https://www.misprofesores.com/profesores/Erika-Elizabeth-Lopez Mora_151669,"elizabeth lopez mora, erika"
https://www.misprofesores.com/profesores/Anja-Eller_42377,"eller, anja"
https://www.misprofesores.com/profesores/Manuel-Enriquez-Gonzalez_163809,"enriquez gonzalez, manuel"
https://www.misprofesores.com/profesores/Leydy-Aleen-Erazo-Nanez._112010,"erazo nanez., leydy aleen"
https://www.misprofesores.com/profesores/Socorro-Escandon-Gallegos_71194,"escandon gallegos, socorro"
https://www.misprofesores.com/profesores/amanda-irma-escobar-hernandez_117154,"escobar hernandez, amanda irma"
https://www.misprofesores.com/profesores/Rogelio-Escobar-Hernandez_41195,"escobar hernandez, rogelio"
https://www.misprofesores.com/profesores/alfonso-escobar_23770,"escobar, alfonso"
https://www.misprofesores.com/profesores/carolina-escobar_26531,"escobar, carolina"
https://www.misprofesores.com/profesores/Martha-Escobar_46223,"escobar, martha"
https://www.misprofesores.com/profesores/Adelina-Eslava-Guevara_36957,"eslava guevara, adelina"
https://www.misprofesores.com/profesores/eva-maria-esparza-meza_42819,"esparza meza, eva maria"
https://www.misprofesores.com/profesores/Rodolfo-Esparza-Marquez_19934,"esparza marquez, rodolfo"
https://www.misprofesores.com/profesores/Francisco-Javier-Espinosa-Jimenez_80190,"espinosa jimenez, francisco javier"
https://www.misprofesores.com/profesores/Julio-Espinosa_24425,"espinosa, julio"
https://www.misprofesores.com/profesores/Montserrat-Espinosa_109495,"espinosa, montserrat"
https://www.misprofesores.com/profesores/Fatima-Espinoza_125854,"espinoza, fatima"
https://www.misprofesores.com/profesores/guadalupe-esqueda_25201,"esqueda, guadalupe"
https://www.misprofesores.com/profesores/Maria-Fayne-Esquivel-Ancona_41090,"esquivel ancona, maria fayne"
https://www.misprofesores.com/profesores/Cesareo-Estrada-Rodriguez_146916,"estrada rodriguez, cesareo"
https://www.misprofesores.com/profesores/ANA-CECILIA-FALCO-PLIEGO_101370,"falco pliego, ana cecilia"
https://www.misprofesores.com/profesores/Diego-Falcon-Manzano_67659,"falcon manzano, diego"
https://www.misprofesores.com/profesores/Violeta-Felix-Romero_94834,"felix romero, violeta"
https://www.misprofesores.com/profesores/Pablo-Fernandez-Christlieb_24541,"fernandez christlieb, pablo"
https://www.misprofesores.com/profesores/francisco-fernandez-diaz_40357,"fernandez diaz, francisco"
https://www.misprofesores.com/profesores/Jose-Francisco-Fernandez-Diaz_109851,"fernandez diaz, jose francisco"
https://www.misprofesores.com/profesores/Nestor-Fernandez-Sanchez_67275,"fernandez sanchez, nestor"
https://www.misprofesores.com/profesores/Alejandra-Ciria-Fernandez-Varela_133369,"fernandez varela, alejandra ciria"
https://www.misprofesores.com/profesores/Alejandra-Ciria-Fernandez-Varela_133368,"fernandez varela, alejandra ciria"
https://www.misprofesores.com/profesores/lidia-aurora-ferreira-nuno_23024,"ferreira nuno, lidia aurora"
https://www.misprofesores.com/profesores/Fernando-Fierro-Luna_43330,"fierro luna, fernando"
https://www.misprofesores.com/profesores/Milagros-Figueroa-Campos_64296,"figueroa campos, milagros"
https://www.misprofesores.com/profesores/Joaquin-Figueroa-Cuevas_60648,"figueroa cuevas, joaquin"
https://www.misprofesores.com/profesores/Maria-guadalupe-Flores-Cruz_118389,"flores cruz, maria guadalupe"
https://www.misprofesores.com/profesores/rosa-del carmen-flores-macias_138455,"flores macias, rosa del carmen"
https://www.misprofesores.com/profesores/Rogelio-Flores-Morales_63939,"flores morales, rogelio"
https://www.misprofesores.com/profesores/Juliana-Flores-Palmeros_40934,"flores palmeros, juliana"
https://www.misprofesores.com/profesores/Nelly-Flores-Pineda_59242,"flores pineda, nelly"
https://www.misprofesores.com/profesores/ma.-guadalupe-flores_37107,"guadalupe flores, ma."
https://www.misprofesores.com/profesores/Gabriela-Franco_123264,"franco, gabriela"
https://www.misprofesores.com/profesores/Hector-Bautista Ortiz-Freud_155472,"bautista ortiz freud, hector"
https://www.misprofesores.com/profesores/Torres-Trejo-Frine_52269,"trejo frine, torres"
https://www.misprofesores.com/profesores/Oscar-Galicia-Castillo_42423,"galicia castillo, oscar"
https://www.misprofesores.com/profesores/Joyce-Galindo_56322,"galindo, joyce"
https://www.misprofesores.com/profesores/Joel-Gallardo-marquez_103244,"gallardo marquez, joel"
https://www.misprofesores.com/profesores/Luis-Mariano-Gallardo-Ramirez_30599,"gallardo ramirez, luis mariano"
https://www.misprofesores.com/profesores/Sarahi-Rebeca-Gallardo_59221,"rebeca gallardo, sarahi"
https://www.misprofesores.com/profesores/Lizzate-Galvaes_67468,"galvaes, lizzate"
https://www.misprofesores.com/profesores/Carmen-Lizette-Galvez-Hernandez_181271,"galvez hernandez, carmen lizette"
https://www.misprofesores.com/profesores/Itzel-Graciela-Galan-Lopez_41893,"galan lopez, itzel graciela"
https://www.misprofesores.com/profesores/ITZEL-GRACIELA-Galan-Lopez_109654,"galan lopez, itzel graciela"
https://www.misprofesores.com/profesores/Quetzal-Natalia-Galan-Lopez_108364,"galan lopez, quetzal natalia"
https://www.misprofesores.com/profesores/Jose-Antonio-Gamiochipi-Cano_45712,"gamiochipi cano, jose antonio"
https://www.misprofesores.com/profesores/Mireya-Gamiochipi-Cano_45711,"gamiochipi cano, mireya"
https://www.misprofesores.com/profesores/Yolanda-Garcia-Amezola_65398,"garcia amezola, yolanda"
https://www.misprofesores.com/profesores/Nancy-Angelica-Garcia-Barajas_113393,"garcia barajas, nancy angelica"
https://www.misprofesores.com/profesores/DAMARIZ-GARCIA-CARRANZA_51443,"garcia carranza, damariz"
https://www.misprofesores.com/profesores/Melissa-Garcia-Meraz_74600,"garcia meraz, melissa"
https://www.misprofesores.com/profesores/Georgina-Garcia-Rodriguez_83417,"garcia rodriguez, georgina"
https://www.misprofesores.com/profesores/reorgina-garcia-rodriguez_109079,"garcia rodriguez, reorgina"
https://www.misprofesores.com/profesores/gabriela-garcia-romero_33044,"garcia romero, gabriela"
https://www.misprofesores.com/profesores/alejandra-garcia_23047,"garcia, alejandra"
https://www.misprofesores.com/profesores/Bryan-Garcia_180233,"garcia, bryan"
https://www.misprofesores.com/profesores/damariz-garcia_31454,"garcia, damariz"
https://www.misprofesores.com/profesores/fernando-garcia_28996,"garcia, fernando"
https://www.misprofesores.com/profesores/Benilde-Garcia-Cabrero_80132,"garcia cabrero, benilde"
https://www.misprofesores.com/profesores/Brayan-Garcia-Gonzalez_172163,"garcia gonzalez, brayan"
https://www.misprofesores.com/profesores/Eva-Laura-Garcia-Gonzalez_46278,"garcia gonzalez, eva laura"
https://www.misprofesores.com/profesores/Octavio-Cesar-Garcia-Gonzalez_41197,"garcia gonzalez, octavio cesar"
https://www.misprofesores.com/profesores/Mario-Garcia-Mendoza_123945,"garcia mendoza, mario"
https://www.misprofesores.com/profesores/Agustin-Garcia-Perez_66821,"garcia perez, agustin"
https://www.misprofesores.com/profesores/Sandra-Garcia-Saenz_55083,"garcia saenz, sandra"
https://www.misprofesores.com/profesores/Maria-Hortensia-Garcia-Vigil_54257,"garcia vigil, maria hortensia"
https://www.misprofesores.com/profesores/Omar-Garcia_154875,"garcia, omar"
https://www.misprofesores.com/profesores/Victor-Manuel-Gaytan-Herrera_37023,"gaytan herrera, victor manuel"
https://www.misprofesores.com/profesores/Maria-del Carmen-Gerardo_36433,"del carmen gerardo, maria"
https://www.misprofesores.com/profesores/Marin-Giangiacomo_172831,"giangiacomo, marin"
https://www.misprofesores.com/profesores/Marina-Giangiacomo_172832,"giangiacomo, marina"
https://www.misprofesores.com/profesores/Enrique-Gijon-Granados_42598,"gijon granados, enrique"
https://www.misprofesores.com/profesores/Blanca-Rosa-Giron-Hidalgo_41196,"giron hidalgo, blanca rosa"
https://www.misprofesores.com/profesores/Beatriz-Gomez-Gonzalez_42480,"gomez gonzalez, beatriz"
https://www.misprofesores.com/profesores/Gilberto-Gonzales-Giron_155886,"gonzales giron, gilberto"
https://www.misprofesores.com/profesores/Edith-Gonzalez-Alcantara_101936,"gonzalez alcantara, edith"
https://www.misprofesores.com/profesores/R.-de Ma-Gonzalez-de la Vega_26496,"gonzalez de la vega, r. de ma"
https://www.misprofesores.com/profesores/Paola-Ina-Gonzalez-Dominguez_165985,"gonzalez dominguez, paola ina"
https://www.misprofesores.com/profesores/MARCELA-GONZALEZ-FUENTES_75690,"gonzalez fuentes, marcela"
https://www.misprofesores.com/profesores/Jose-de Jesus-Gonzalez-Nunez_25071,"gonzalez nunez, jose de jesus"
https://www.misprofesores.com/profesores/manuel-gonzalez-oscoy_29661,"gonzalez oscoy, manuel"
https://www.misprofesores.com/profesores/Esther-gonzalez-ovilla_133291,"gonzalez ovilla, esther"
https://www.misprofesores.com/profesores/SANTOS-RICARDO-GONZALEZ-QUEVEDO_43247,"gonzalez quevedo, santos ricardo"
https://www.misprofesores.com/profesores/Rosa-Elsa-Gonzalez-Ramirez_90817,"gonzalez ramirez, rosa elsa"
https://www.misprofesores.com/profesores/Arturo-Gonzalez-romero_101612,"gonzalez romero, arturo"
https://www.misprofesores.com/profesores/Selma-Gonzalez-serrato_48192,"gonzalez serrato, selma"
https://www.misprofesores.com/profesores/gilberto-gonzalez_30616,"gonzalez, gilberto"
https://www.misprofesores.com/profesores/guadalupe-gonzalez_52320,"gonzalez, guadalupe"
https://www.misprofesores.com/profesores/Diego-Gonzalez-Garcia_108693,"gonzalez garcia, diego"
https://www.misprofesores.com/profesores/GILBERTO-GONZALEZ-GIRON_42414,"gonzalez giron, gilberto"
https://www.misprofesores.com/profesores/Maria-Guadalupe-Gonzalez-Osornio_59173,"gonzalez osornio, maria guadalupe"
https://www.misprofesores.com/profesores/Esther-Gonzalez-Ovilla_92002,"gonzalez ovilla, esther"
https://www.misprofesores.com/profesores/Marco-Antonio-Gonzalez-Perez_124059,"gonzalez perez, marco antonio"
https://www.misprofesores.com/profesores/Luz-Maria-Gonzalez-Salazar_41359,"gonzalez salazar, luz maria"
https://www.misprofesores.com/profesores/Isaac-Gonzalez-Santoyo_74333,"gonzalez santoyo, isaac"
https://www.misprofesores.com/profesores/Flor-Patricia-Gonzalez-Tapia_176488,"gonzalez tapia, flor patricia"
https://www.misprofesores.com/profesores/Jose-Gonzalez_112629,"gonzalez, jose"
https://www.misprofesores.com/profesores/Marco-Antonio-Gonzalez_137148,"antonio gonzalez, marco"
https://www.misprofesores.com/profesores/Tania-Gordillo-Moreno_94699,"gordillo moreno, tania"
https://www.misprofesores.com/profesores/melissa-gracia-meraz_85789,"gracia meraz, melissa"
https://www.misprofesores.com/profesores/jaime-grados_26014,"grados, jaime"
https://www.misprofesores.com/profesores/angelina-guerrero-luna_30126,"guerrero luna, angelina"
https://www.misprofesores.com/profesores/David-Guerrero-Mayorga_60102,"guerrero mayorga, david"
https://www.misprofesores.com/profesores/alfredo-guerrero_30618,"guerrero, alfredo"
https://www.misprofesores.com/profesores/Juan-jose-Guillen-H_119461,"guillen h, juan jose"
https://www.misprofesores.com/profesores/Juan-jose-Guillen_119460,"jose guillen, juan"
https://www.misprofesores.com/profesores/rafael-gutierrez-benjamin_34970,"gutierrez benjamin, rafael"
https://www.misprofesores.com/profesores/Mariana-Gutierrez-Lara_41912,"gutierrez lara, mariana"
https://www.misprofesores.com/profesores/erika-Gutierrez_23773,"gutierrez, erika"
https://www.misprofesores.com/profesores/teresa-gutierrez_79198,"gutierrez, teresa"
https://www.misprofesores.com/profesores/Teresa-Gutierrez-Alanis_28305,"gutierrez alanis, teresa"
https://www.misprofesores.com/profesores/Armando-Gutierrez-Escalante_92942,"gutierrez escalante, armando"
https://www.misprofesores.com/profesores/Maria-Eugenia-Gutierrez-Ordonez_41423,"gutierrez ordonez, maria eugenia"
https://www.misprofesores.com/profesores/Gabriel-Gutierrez-Ospina_43548,"gutierrez ospina, gabriel"
https://www.misprofesores.com/profesores/Brissa-Gutierrez_135513,"gutierrez, brissa"
https://www.misprofesores.com/profesores/Maria-Teresa-Gutierrez_26564,"teresa gutierrez, maria"
https://www.misprofesores.com/profesores/Yunuen-Ixchel-Guzman-Cedillo_75324,"guzman cedillo, yunuen ixchel"
https://www.misprofesores.com/profesores/MARIA-ELENA-GOMEZ_168654,"elena gomez, maria"
https://www.misprofesores.com/profesores/Calixto-H_99073,"h, calixto"
https://www.misprofesores.com/profesores/Carime-Hagg-Hagg_54255,"hagg hagg, carime"
https://www.misprofesores.com/profesores/MA-CRISTINA-HEREDIA-ANCONA_36952,"heredia ancona, ma cristina"
https://www.misprofesores.com/profesores/Tania-Jimena-Hernandez-Crespo_82553,"hernandez crespo, tania jimena"
https://www.misprofesores.com/profesores/LIZBETH-HERNANDEZ-ESTRADA_59828,"hernandez estrada, lizbeth"
https://www.misprofesores.com/profesores/laura-hernandez-guzman_38183,"hernandez guzman, laura"
https://www.misprofesores.com/profesores/Alicia-Hernandez-Ortega_42720,"hernandez ortega, alicia"
https://www.misprofesores.com/profesores/janeette-hernandez_30619,"hernandez, janeette"
https://www.misprofesores.com/profesores/Jose-Hernandez-Quintero_152555,"hernandez quintero, jose"
https://www.misprofesores.com/profesores/Gerardo-Hernandez-Rojas_21377,"hernandez rojas, gerardo"
https://www.misprofesores.com/profesores/Jose-Antonio-Hernandez-Santos_99003,"hernandez santos, jose antonio"
https://www.misprofesores.com/profesores/Laura-Amada-Hernandez-Trejo_84660,"hernandez trejo, laura amada"
https://www.misprofesores.com/profesores/Jeannette-Hernandez_31342,"hernandez, jeannette"
https://www.misprofesores.com/profesores/Aileen-Michelle-Herrara-Nieto_149330,"herrara nieto, aileen michelle"
https://www.misprofesores.com/profesores/EDUARDO-HERRASTI-AGUIRRE_27549,"herrasti aguirre, eduardo"
https://www.misprofesores.com/profesores/Miguel-Herrera-Ortiz_30472,"herrera ortiz, miguel"
https://www.misprofesores.com/profesores/Maria-Luisa-Herran-Iglesias_41053,"herran iglesias, maria luisa"
https://www.misprofesores.com/profesores/JOSE-HUERTA-IBARRA_41100,"huerta ibarra, jose"
https://www.misprofesores.com/profesores/Jose-Huerta-Rocha_40598,"huerta rocha, jose"
https://www.misprofesores.com/profesores/Juan-Carlos-Huidobro-Marquez_28632,"huidobro marquez, juan carlos"
https://www.misprofesores.com/profesores/Oscar-Eduardo-Ibarra-Casas_19951,"ibarra casas, oscar eduardo"
https://www.misprofesores.com/profesores/samuel-inzales_65829,"inzales, samuel"
https://www.misprofesores.com/profesores/Emily-Reiko-Ito-Sugiyama_141945,"ito sugiyama, emily reiko"
https://www.misprofesores.com/profesores/Emily-Ito_24706,"ito, emily"
https://www.misprofesores.com/profesores/Claudia-Ivette-Jaen-Cortes_93987,"jaen cortes, claudia ivette"
https://www.misprofesores.com/profesores/Gabriel-Jarillo_36431,"jarillo, gabriel"
https://www.misprofesores.com/profesores/Luz-Maria-Javiedes_36815,"maria javiedes, luz"
https://www.misprofesores.com/profesores/Claudia-Ivethe-Jean-Cortes_181393,"jean cortes, claudia ivethe"
https://www.misprofesores.com/profesores/alvaro-jimenes_25361,"jimenes, alvaro"
https://www.misprofesores.com/profesores/BLANCA-LU-JIMENEZ_110282,"lu jimenez, blanca"
https://www.misprofesores.com/profesores/BLANCA-LUZ-JIMENEZ_110281,"luz jimenez, blanca"
https://www.misprofesores.com/profesores/Alvaro-Jimenez-Osornio_152722,"jimenez osornio, alvaro"
https://www.misprofesores.com/profesores/Figueroa-Cuevas-Joaquin_50085,"cuevas joaquin, figueroa"
https://www.misprofesores.com/profesores/Lilia-Joya-Laureano_32963,"joya laureano, lilia"
https://www.misprofesores.com/profesores/Vicente-Juarez-Gamiz_64557,"juarez gamiz, vicente"
https://www.misprofesores.com/profesores/Maria-Martina-Jurado-Baizabal_171796,"jurado baizabal, maria martina"
https://www.misprofesores.com/profesores/Raul-Jurado-Cardenas_134523,"jurado cardenas, raul"
https://www.misprofesores.com/profesores/Martina-Jurado_25654,"jurado, martina"
https://www.misprofesores.com/profesores/Raul-Jurado_63126,"jurado, raul"
https://www.misprofesores.com/profesores/Samuel-Jurado_37363,"jurado, samuel"
https://www.misprofesores.com/profesores/Angelica-Juarez-Loya_100573,"juarez loya, angelica"
https://www.misprofesores.com/profesores/Herazo-Gonzalez-Katherine-Isabel_49067,"katherine isabel, herazo gonzalez"
https://www.misprofesores.com/profesores/Margarita-Regina-Lagarde-Lozano_125871,"lagarde lozano, margarita regina"
https://www.misprofesores.com/profesores/margarita-lagarde_31451,"lagarde, margarita"
https://www.misprofesores.com/profesores/Araceli-Lambarri_59849,"lambarri, araceli"
https://www.misprofesores.com/profesores/Daniella-Lambarri_109921,"lambarri, daniella"
https://www.misprofesores.com/profesores/Edgar-Landa-Ramirez_92590,"landa ramirez, edgar"
https://www.misprofesores.com/profesores/Karina-Landeros_94034,"landeros, karina"
https://www.misprofesores.com/profesores/Mariana-Lara-Gutierrez_110778,"lara gutierrez, mariana"
https://www.misprofesores.com/profesores/arturo-lara-martinez_38426,"lara martinez, arturo"
https://www.misprofesores.com/profesores/Hector-Lara-Tapia_57881,"lara tapia, hector"
https://www.misprofesores.com/profesores/Angelica-Larios-Delgado_171801,"larios delgado, angelica"
https://www.misprofesores.com/profesores/Mathieu-Michel-Le-Corre_113374,"le corre, mathieu michel"
https://www.misprofesores.com/profesores/MATHIEU-MICHEL-LE-CORRE_113555,"le corre, mathieu michel"
https://www.misprofesores.com/profesores/Iwin-Leenen_128817,"leenen, iwin"
https://www.misprofesores.com/profesores/Rigoberto-Leon_24705,"leon, rigoberto"
https://www.misprofesores.com/profesores/Rigoberto-Leon-Sanchez_124567,"leon sanchez, rigoberto"
https://www.misprofesores.com/profesores/Sofia-Liberman-Shkolnikoff_40639,"liberman shkolnikoff, sofia"
https://www.misprofesores.com/profesores/Enrique-Limon-Limon_147477,"limon limon, enrique"
https://www.misprofesores.com/profesores/Gilberto-Limon-Arce_42631,"limon arce, gilberto"
https://www.misprofesores.com/profesores/Gilberto-Limon_82208,"limon, gilberto"
https://www.misprofesores.com/profesores/Teresa-Linda_92793,"linda, teresa"
https://www.misprofesores.com/profesores/alma-mireya-lopez-arce coria_23026,"lopez arce coria, alma mireya"
https://www.misprofesores.com/profesores/renata-lopez-hernandez_36483,"lopez hernandez, renata"
https://www.misprofesores.com/profesores/Isaura-Lopez-Segura_35649,"lopez segura, isaura"
https://www.misprofesores.com/profesores/Alejandra-lopez_162018,"lopez, alejandra"
https://www.misprofesores.com/profesores/florente-lopez_31453,"lopez, florente"
https://www.misprofesores.com/profesores/martha-lopez_31457,"lopez, martha"
https://www.misprofesores.com/profesores/ricardo-alberto-lozada-vazquez_22847,"lozada vazquez, ricardo alberto"
https://www.misprofesores.com/profesores/Azucena-Lozano-Gutierrez_44572,"lozano gutierrez, azucena"
https://www.misprofesores.com/profesores/Emilia-Lucio_32527,"lucio, emilia"
https://www.misprofesores.com/profesores/gabriela-lugo_37092,"lugo, gabriela"
https://www.misprofesores.com/profesores/jose-luis-sanchez gomez_97173,"luis sanchez gomez, jose"
https://www.misprofesores.com/profesores/DIEGO-ARMANDO-LUNA-BAZALDUA_94589,"luna bazaldua, diego armando"
https://www.misprofesores.com/profesores/Pablo-Misael-Luna-Davila_75238,"luna davila, pablo misael"
https://www.misprofesores.com/profesores/Miguel-Angel-Luna_31040,"angel luna, miguel"
https://www.misprofesores.com/profesores/rafael-luna_24048,"luna, rafael"
https://www.misprofesores.com/profesores/Edmundo-Antonio-Lopez-Banda_91742,"lopez banda, edmundo antonio"
https://www.misprofesores.com/profesores/Edmundo-Lopez-Bandera_86243,"lopez bandera, edmundo"
https://www.misprofesores.com/profesores/Alberto-Isaac-Lopez-Diaz Gonzalez_175471,"lopez diaz gonzalez, alberto isaac"
https://www.misprofesores.com/profesores/Christian-Lopez-Gutierrez_19967,"lopez gutierrez, christian"
https://www.misprofesores.com/profesores/Alejandra-Lopez-Montoya_165980,"lopez montoya, alejandra"
https://www.misprofesores.com/profesores/Roberto-Lopez-Olmedo_104604,"lopez olmedo, roberto"
https://www.misprofesores.com/profesores/Miguel-Lopez-Olovas_86342,"lopez olovas, miguel"
https://www.misprofesores.com/profesores/Jose-Luis-Lopez-Ramirez_177049,"lopez ramirez, jose luis"
https://www.misprofesores.com/profesores/Jose-Luis-Lopez-Ramirez_126288,"lopez ramirez, jose luis"
https://www.misprofesores.com/profesores/Jose-Luis-Lopez_120743,"luis lopez, jose"
https://www.misprofesores.com/profesores/Beatriz-Alejandra-Macouzet-Menendez_126017,"macouzet menendez, beatriz alejandra"
https://www.misprofesores.com/profesores/Ma.-del Rocio-Maldonado-Gomez_19955,"maldonado gomez, ma. del rocio"
https://www.misprofesores.com/profesores/Blanca-Elena-Mancilla_26929,"elena mancilla, blanca"
https://www.misprofesores.com/profesores/martha-lilia-mancilla_30215,"lilia mancilla, martha"
https://www.misprofesores.com/profesores/denise-manzano_31458,"manzano, denise"
https://www.misprofesores.com/profesores/magdalena-martines-flores_94935,"martines flores, magdalena"
https://www.misprofesores.com/profesores/Francisco-Martinez-leon_133710,"martinez leon, francisco"
https://www.misprofesores.com/profesores/LUCIA-MARTINEZ-FLORES_23094,"martinez flores, lucia"
https://www.misprofesores.com/profesores/EMMANUEL-MARTINEZ-MEJIA_61030,"martinez mejia, emmanuel"
https://www.misprofesores.com/profesores/Georgina-martinez-montes de oca_55166,"martinez montes de oca, georgina"
https://www.misprofesores.com/profesores/rina-maria-martinez-romero_36014,"martinez romero, rina maria"
https://www.misprofesores.com/profesores/FABIAN-MARTINEZ-SILVA_166576,"martinez silva, fabian"
https://www.misprofesores.com/profesores/adriana-martinez_40019,"martinez, adriana"
https://www.misprofesores.com/profesores/Augusto-Martinez_99804,"martinez, augusto"
https://www.misprofesores.com/profesores/Betel-Martinez_83470,"martinez, betel"
https://www.misprofesores.com/profesores/victor-martinez_20295,"martinez, victor"
https://www.misprofesores.com/profesores/Ma.-Eugenia-Martinez-Campean_30930,"martinez campean, ma. eugenia"
https://www.misprofesores.com/profesores/Rosa-Maritza-Martinez-Cardenas_19962,"martinez cardenas, rosa maritza"
https://www.misprofesores.com/profesores/jose-ignacio-martinez-guerrero_40606,"martinez guerrero, jose ignacio"
https://www.misprofesores.com/profesores/Magali-Martinez-Perez_52048,"martinez perez, magali"
https://www.misprofesores.com/profesores/Rina-Maria-Martinez-Romero_38185,"martinez romero, rina maria"
https://www.misprofesores.com/profesores/Fabian-Martinez-silva_106604,"martinez silva, fabian"
https://www.misprofesores.com/profesores/Maria-Isabel-Martinez-Torres_59243,"martinez torres, maria isabel"
https://www.misprofesores.com/profesores/Arturo-Martinez_35738,"martinez, arturo"
https://www.misprofesores.com/profesores/Fabian-Martinez_48159,"martinez, fabian"
https://www.misprofesores.com/profesores/Jose-Manuel-Martinez_36993,"manuel martinez, jose"
https://www.misprofesores.com/profesores/Ramirez-Camacho-Maria-del Carmen_90769,"maria del carmen, ramirez camacho"
https://www.misprofesores.com/profesores/Esquivel-Ancona-Maria-Fayne_35624,"maria fayne, esquivel ancona"
https://www.misprofesores.com/profesores/Esquivel-Ancona-Maria-Fayne_35625,"maria fayne, esquivel ancona"
https://www.misprofesores.com/profesores/Cristina-Masferrer_90081,"masferrer, cristina"
https://www.misprofesores.com/profesores/Maria-de los Angeles-Mata-Mendoza_59621,"mata mendoza, maria de los angeles"
https://www.misprofesores.com/profesores/fernando-mata-rosas_31450,"mata rosas, fernando"
https://www.misprofesores.com/profesores/maria-lourdes-maya-sanchez_95346,"maya sanchez, maria lourdes"
https://www.misprofesores.com/profesores/nancy-c-mazon-parra_31482,"mazon parra, nancy c"
https://www.misprofesores.com/profesores/Guillermo-Manon-Garibay_67495,"manon garibay, guillermo"
https://www.misprofesores.com/profesores/Miguel-angel-Medina-Gutierrez_63949,"medina gutierrez, miguel angel"
https://www.misprofesores.com/profesores/Guadalupe-Celia-Medina-Hernandez_46437,"medina hernandez, guadalupe celia"
https://www.misprofesores.com/profesores/adrian-medina-liberty_32519,"medina liberty, adrian"
https://www.misprofesores.com/profesores/jose-adrian alfredo-medina-liberty_141998,"medina liberty, jose adrian alfredo"
https://www.misprofesores.com/profesores/PABLO-MEDINA-MORA_53493,"medina mora, pablo"
https://www.misprofesores.com/profesores/Jana-Aylim-Mejia-Toiber_74085,"mejia toiber, jana aylim"
https://www.misprofesores.com/profesores/Ana-Berenice-Mejia_26855,"berenice mejia, ana"
https://www.misprofesores.com/profesores/Azul-Melendez_167399,"melendez, azul"
https://www.misprofesores.com/profesores/Zoraida-Melendez_170370,"melendez, zoraida"
https://www.misprofesores.com/profesores/Jose-Mendez_24110,"mendez, jose"
https://www.misprofesores.com/profesores/Aida-Araceli-Mendoza-Ibarrola_43905,"mendoza ibarrola, aida araceli"
https://www.misprofesores.com/profesores/Jessica-Mendoza-Jimenez_57264,"mendoza jimenez, jessica"
https://www.misprofesores.com/profesores/Aida-Araceli-Mendoza_26670,"araceli mendoza, aida"
https://www.misprofesores.com/profesores/Judith-Marina-Menez-Diaz_54256,"menez diaz, judith marina"
https://www.misprofesores.com/profesores/Dolores-Mercado-Corona_19952,"mercado corona, dolores"
https://www.misprofesores.com/profesores/Dolores-Mercado-Corona_43904,"mercado corona, dolores"
https://www.misprofesores.com/profesores/Serafin-Joel-Mercado-Domenech_44051,"mercado domenech, serafin joel"
https://www.misprofesores.com/profesores/carmen-merino_21680,"merino, carmen"
https://www.misprofesores.com/profesores/Patricia-Meraz-Rios_59175,"meraz rios, patricia"
https://www.misprofesores.com/profesores/Martin-Migliaro_92316,"migliaro, martin"
https://www.misprofesores.com/profesores/Alicia-Migoni-Rodriguez_43898,"migoni rodriguez, alicia"
https://www.misprofesores.com/profesores/alejandra-migoni_48225,"migoni, alejandra"
https://www.misprofesores.com/profesores/Alicia-Migoni_32914,"migoni, alicia"
https://www.misprofesores.com/profesores/luna-izquierdo-miguel-angel_23025,"miguel angel, luna izquierdo"
https://www.misprofesores.com/profesores/Paola-Migueles-Rodriguez_171182,"migueles rodriguez, paola"
https://www.misprofesores.com/profesores/Procoro-Millan-Benitez_50084,"millan benitez, procoro"
https://www.misprofesores.com/profesores/Patricia-Miranda-Hernandez_19959,"miranda hernandez, patricia"
https://www.misprofesores.com/profesores/arthur-miranda_25927,"miranda, arthur"
https://www.misprofesores.com/profesores/Ruben-Miranda_28903,"miranda, ruben"
https://www.misprofesores.com/profesores/Maria-Guadalupe-Moguel_180956,"guadalupe moguel, maria"
https://www.misprofesores.com/profesores/Margarita-Molina-Aviles_64064,"molina aviles, margarita"
https://www.misprofesores.com/profesores/jorge-molina-avilez_29662,"molina avilez, jorge"
https://www.misprofesores.com/profesores/Jorge-Orlando-Molina-Aviles_101698,"molina aviles, jorge orlando"
https://www.misprofesores.com/profesores/Diego-Molina-lomeli_163554,"molina lomeli, diego"
https://www.misprofesores.com/profesores/Isaac-Molina-Perez_59273,"molina perez, isaac"
https://www.misprofesores.com/profesores/Margarita-Molina_109248,"molina, margarita"
https://www.misprofesores.com/profesores/Austreberto-Mondragon-Bolanos_19944,"mondragon bolanos, austreberto"
https://www.misprofesores.com/profesores/Maria-Teresa-Monjaras-Rodriguez_123634,"monjaras rodriguez, maria teresa"
https://www.misprofesores.com/profesores/Zuraya-Monroy-Nasr_50695,"monroy nasr, zuraya"
https://www.misprofesores.com/profesores/Maria-del Carmen-Montenegro-Nunez_53818,"montenegro nunez, maria del carmen"
https://www.misprofesores.com/profesores/Cecilia-Montes-Medina_46277,"montes medina, cecilia"
https://www.misprofesores.com/profesores/Corinne-Jennifer-Montes-Rodriguez_74279,"montes rodriguez, corinne jennifer"
https://www.misprofesores.com/profesores/Josefina-Montes-Rojas_53971,"montes rojas, josefina"
https://www.misprofesores.com/profesores/cecilia-montes_172960,"montes, cecilia"
https://www.misprofesores.com/profesores/Gerardo-Mora-Gutierrez_141726,"mora gutierrez, gerardo"
https://www.misprofesores.com/profesores/Maria-Luisa-Morales-Bautista_166412,"morales bautista, maria luisa"
https://www.misprofesores.com/profesores/Francisco-Antonio-Morales-Carmona_55179,"morales carmona, francisco antonio"
https://www.misprofesores.com/profesores/Silvia-Morales-Chaine_22619,"morales chaine, silvia"
https://www.misprofesores.com/profesores/Brenda-Morales-Chambert_124414,"morales chambert, brenda"
https://www.misprofesores.com/profesores/Cecilia-Morales-Garduno_47432,"morales garduno, cecilia"
https://www.misprofesores.com/profesores/Guadalupe-Morales_71247,"morales, guadalupe"
https://www.misprofesores.com/profesores/Juan-Manuel-Morales_28273,"manuel morales, juan"
https://www.misprofesores.com/profesores/Silvia-Morales_108952,"morales, silvia"
https://www.misprofesores.com/profesores/ALEJANDRA-MORAN-CRUZ_51677,"moran cruz, alejandra"
https://www.misprofesores.com/profesores/MARIA-CONCEPCION-MORAN-MARTINEZ_71740,"moran martinez, maria concepcion"
https://www.misprofesores.com/profesores/SOTERO-MORENO-CAMACHO_154751,"moreno camacho, sotero"
https://www.misprofesores.com/profesores/Brenda-Mireya-Moreno-Luna_83476,"moreno luna, brenda mireya"
https://www.misprofesores.com/profesores/PATRICIA-GUILLERMINA-MORENO-WONCHEE_67541,"moreno wonchee, patricia guillermina"
https://www.misprofesores.com/profesores/Sotero-Moreno_32980,"moreno, sotero"
https://www.misprofesores.com/profesores/Sotero-Moreno_32981,"moreno, sotero"
https://www.misprofesores.com/profesores/Concepcion-Moran_33777,"moran, concepcion"
https://www.misprofesores.com/profesores/graciela-mota_31455,"mota, graciela"
https://www.misprofesores.com/profesores/ARLETTE-MOTTE_38042,"motte, arlette"
https://www.misprofesores.com/profesores/Irene-Muria_25445,"muria, irene"
https://www.misprofesores.com/profesores/JUAN-CARLOS-MUNOZ-B OJALIL_35568,"munoz b ojalil, juan carlos"
https://www.misprofesores.com/profesores/Maria-del Rosario-Munoz-Cebada_24908,"munoz cebada, maria del rosario"
https://www.misprofesores.com/profesores/Jairo-Ignacio-Munoz-Delgado_43331,"munoz delgado, jairo ignacio"
https://www.misprofesores.com/profesores/Mercedes-Xochitl-Munoz-Pertierra_134524,"munoz pertierra, mercedes xochitl"
https://www.misprofesores.com/profesores/Zeidy-Vanesa-Munoz-Torres_99793,"munoz torres, zeidy vanesa"
https://www.misprofesores.com/profesores/Zeidy-Vanessa-Munoz-Torres_138813,"munoz torres, zeidy vanessa"
https://www.misprofesores.com/profesores/Zeydy-Munoz-Torres_93557,"munoz torres, zeydy"
https://www.misprofesores.com/profesores/Andres-Munoz_26599,"munoz, andres"
https://www.misprofesores.com/profesores/mercedes-munoz_23049,"munoz, mercedes"
https://www.misprofesores.com/profesores/merdeces-munoz_23050,"munoz, merdeces"
https://www.misprofesores.com/profesores/Zeidy-Munoz_91986,"munoz, zeidy"
https://www.misprofesores.com/profesores/David-Marquez_176756,"marquez, david"
https://www.misprofesores.com/profesores/Fusae-Nakasawa-C._26497,"nakasawa c., fusae"
https://www.misprofesores.com/profesores/Rosa-Maria-Nashiki-Angulo_108238,"nashiki angulo, rosa maria"
https://www.misprofesores.com/profesores/Armando-Nava_28274,"nava, armando"
https://www.misprofesores.com/profesores/Claudia-Navarro-Corona_74658,"navarro corona, claudia"
https://www.misprofesores.com/profesores/Javier-Navarro-Magallon_158965,"navarro magallon, javier"
https://www.misprofesores.com/profesores/Javier-Nieto-Gutierrez_40627,"nieto gutierrez, javier"
https://www.misprofesores.com/profesores/rosa-elena-Nieves-R._23771,"nieves r., rosa elena"
https://www.misprofesores.com/profesores/Ena-Erendira-Nino-Calixto_62205,"nino calixto, ena erendira"
https://www.misprofesores.com/profesores/Ena-Erendira-Nino-Calixto_45757,"nino calixto, ena erendira"
https://www.misprofesores.com/profesores/Rocio-Ochoa_137060,"ochoa, rocio"
https://www.misprofesores.com/profesores/Yolanda-Olguin-Garcia_46622,"olguin garcia, yolanda"
https://www.misprofesores.com/profesores/Carlos-Olivera-Lopez_184850,"olivera lopez, carlos"
https://www.misprofesores.com/profesores/Margarita-Olivera_73204,"olivera, margarita"
https://www.misprofesores.com/profesores/Mirna-Rocio-Ongay_26612,"rocio ongay, mirna"
https://www.misprofesores.com/profesores/Vladimir-Orduna-Trujillo_27889,"orduna trujillo, vladimir"
https://www.misprofesores.com/profesores/rosa-ornelas-mejorada_31224,"ornelas mejorada, rosa"
https://www.misprofesores.com/profesores/Gabriela-Orozco-Calderon_26624,"orozco calderon, gabriela"
https://www.misprofesores.com/profesores/Elisa-Guadalupe-Orozco-Rodriguez_162867,"orozco rodriguez, elisa guadalupe"
https://www.misprofesores.com/profesores/Gabriela-Orozco_149123,"orozco, gabriela"
https://www.misprofesores.com/profesores/Ricardo-Orozco_177114,"orozco, ricardo"
https://www.misprofesores.com/profesores/Ricardo-Orozco_177113,"orozco, ricardo"
https://www.misprofesores.com/profesores/PATRICIA-JOVITA-ORTEGA-ANDEANE_79855,"ortega andeane, patricia jovita"
https://www.misprofesores.com/profesores/Laura-Ortega-Leonard_55045,"ortega leonard, laura"
https://www.misprofesores.com/profesores/Elsa-Ivette-Ortega-Mora_99017,"ortega mora, elsa ivette"
https://www.misprofesores.com/profesores/Elsa-Ivette-Ortega-Mora_99016,"ortega mora, elsa ivette"
https://www.misprofesores.com/profesores/BRENDA-ESTELA-ORTEGA-MORALES_154870,"ortega morales, brenda estela"
https://www.misprofesores.com/profesores/Susana-Ortega-Pierres_37251,"ortega pierres, susana"
https://www.misprofesores.com/profesores/Guadalupe-Ximena-Ortega-Ramirez_172409,"ortega ramirez, guadalupe ximena"
https://www.misprofesores.com/profesores/Brenda-E.-Ortega_94417,"e. ortega, brenda"
https://www.misprofesores.com/profesores/Carlos-Ortega_52994,"ortega, carlos"
https://www.misprofesores.com/profesores/Omar-Ortega_62139,"ortega, omar"
https://www.misprofesores.com/profesores/Georgina-Ortiz-H_37091,"ortiz h, georgina"
https://www.misprofesores.com/profesores/Gerardo-Ortiz-Moncada_41402,"ortiz moncada, gerardo"
https://www.misprofesores.com/profesores/Berenice-Dafne-Ortiz-Saavedra_82763,"ortiz saavedra, berenice dafne"
https://www.misprofesores.com/profesores/Ma.-Elena-Ortiz-Salinas_19935,"ortiz salinas, ma. elena"
https://www.misprofesores.com/profesores/MARIA-ELENA-ORTIZ-SALINAS_166574,"ortiz salinas, maria elena"
https://www.misprofesores.com/profesores/Guadalupe-Osorio-Alvarez_44621,"osorio alvarez, guadalupe"
https://www.misprofesores.com/profesores/Feggy-Ostrosky-Shejet_41589,"ostrosky shejet, feggy"
https://www.misprofesores.com/profesores/araceli-otero_26529,"otero, araceli"
https://www.misprofesores.com/profesores/laura-edith-P?rez_74363,"edith p?rez, laura"
https://www.misprofesores.com/profesores/Rosa-Pacheco-Lapiedra_70027,"pacheco lapiedra, rosa"
https://www.misprofesores.com/profesores/Adiana-Pacheco_114599,"pacheco, adiana"
https://www.misprofesores.com/profesores/Jose-Erick PACHECO-Pacheco_136237,"erick pacheco pacheco, jose"
https://www.misprofesores.com/profesores/Joaquin-Padilla-Bautista_75714,"padilla bautista, joaquin"
https://www.misprofesores.com/profesores/Natalia-Padilla-Corcuera_19943,"padilla corcuera, natalia"
https://www.misprofesores.com/profesores/Xochitl-Padilla-Marquez_105672,"padilla marquez, xochitl"
https://www.misprofesores.com/profesores/German-Palafox-Palafox_44238,"palafox palafox, german"
https://www.misprofesores.com/profesores/lorenia-parada-ampudia_29659,"parada ampudia, lorenia"
https://www.misprofesores.com/profesores/Hilda-Paredes-Davila_38446,"paredes davila, hilda"
https://www.misprofesores.com/profesores/Eduardo-Parra_56390,"parra, eduardo"
https://www.misprofesores.com/profesores/ROXANA-PASTOR-FASQUELLE_74516,"pastor fasquelle, roxana"
https://www.misprofesores.com/profesores/Humberto-Patino_37595,"patino, humberto"
https://www.misprofesores.com/profesores/juana-patlan_40208,"patlan, juana"
https://www.misprofesores.com/profesores/juana-Patlan-Perez_173664,"patlan perez, juana"
https://www.misprofesores.com/profesores/Patricia-Paz-de Buen_95317,"paz de buen, patricia"
https://www.misprofesores.com/profesores/Diana-Berenice-Paz-Trejo_95316,"paz trejo, diana berenice"
https://www.misprofesores.com/profesores/Rodrigo-Pedroza-Llinas_50066,"pedroza llinas, rodrigo"
https://www.misprofesores.com/profesores/Rodrigo-Pedroza-Llinas_51471,"pedroza llinas, rodrigo"
https://www.misprofesores.com/profesores/Rodrigo-Pedroza_102930,"pedroza, rodrigo"
https://www.misprofesores.com/profesores/Roberto-Peimbert-Ramos_42295,"peimbert ramos, roberto"
https://www.misprofesores.com/profesores/Rodrigo-Peniche-Amador_31293,"peniche amador, rodrigo"
https://www.misprofesores.com/profesores/Rodrigo-Peniche_41876,"peniche, rodrigo"
https://www.misprofesores.com/profesores/yolanda-alejandra-peralta-hernandez_84609,"peralta hernandez, yolanda alejandra"
https://www.misprofesores.com/profesores/Jose-Jorge-Peralta-Alvarez_19954,"peralta alvarez, jose jorge"
https://www.misprofesores.com/profesores/PATRICIA-PEREZ-LOPEZ_124902,"perez lopez, patricia"
https://www.misprofesores.com/profesores/Luis-Angel-Perez-Romero_166869,"perez romero, luis angel"
https://www.misprofesores.com/profesores/jorge-perez_30617,"perez, jorge"
https://www.misprofesores.com/profesores/Jose-Fernando-Pena-Ortega_45715,"pena ortega, jose fernando"
https://www.misprofesores.com/profesores/SUSAN-EMILY-PICK-STEINER_79854,"pick steiner, susan emily"
https://www.misprofesores.com/profesores/Aladro-Lubel-Piedad-Dora_36016,"piedad dora, aladro lubel"
https://www.misprofesores.com/profesores/Patricia-Pinones-Vazquez_43508,"pinones vazquez, patricia"
https://www.misprofesores.com/profesores/Graciela-Polanco-Hernandez_71540,"polanco hernandez, graciela"
https://www.misprofesores.com/profesores/graciela-polanco_30615,"polanco, graciela"
https://www.misprofesores.com/profesores/Fernando-Javier-Polo-Martinez_166363,"polo martinez, fernando javier"
https://www.misprofesores.com/profesores/Seigy-Nallely-Ponce-Ochoa_112480,"ponce ochoa, seigy nallely"
https://www.misprofesores.com/profesores/Guillermo-Preza_133326,"preza, guillermo"
https://www.misprofesores.com/profesores/Guillermo-Preza_133325,"preza, guillermo"
https://www.misprofesores.com/profesores/Arturo-Puente-Lomelin_60570,"puente lomelin, arturo"
https://www.misprofesores.com/profesores/Federico-Puente_32528,"puente, federico"
https://www.misprofesores.com/profesores/FEDERICO-PUENTE_43608,"puente, federico"
https://www.misprofesores.com/profesores/Maria-Cristina-Perez-Aguero_77210,"perez aguero, maria cristina"
https://www.misprofesores.com/profesores/Mario-Perez-Calzada_147407,"perez calzada, mario"
https://www.misprofesores.com/profesores/Mario-Perez-Carrillo_171707,"perez carrillo, mario"
https://www.misprofesores.com/profesores/Mario-Perez-Carrillo_167582,"perez carrillo, mario"
https://www.misprofesores.com/profesores/Francisco-Perez-Cota_31310,"perez cota, francisco"
https://www.misprofesores.com/profesores/Rogelio-Perez-Espinosa_113567,"perez espinosa, rogelio"
https://www.misprofesores.com/profesores/Cuitlahuac-Perez-Lopez_44698,"perez lopez, cuitlahuac"
https://www.misprofesores.com/profesores/Luis-Perez-Romero_147466,"perez romero, luis"
https://www.misprofesores.com/profesores/Mario-Perez-Zuviri_46867,"perez zuviri, mario"
https://www.misprofesores.com/profesores/Maria-del Rocio-Quesada-Castillo_43335,"quesada castillo, maria del rocio"
https://www.misprofesores.com/profesores/Oscar-Francisco-Quiroga-Anaya_43906,"quiroga anaya, oscar francisco"
https://www.misprofesores.com/profesores/Katya-Fernanda-Quinonez-Orozco_115284,"quinonez orozco, katya fernanda"
https://www.misprofesores.com/profesores/Claudia-Rafful-Loera_108268,"rafful loera, claudia"
https://www.misprofesores.com/profesores/EDWIN-ROBERTO-RAMIREZ-BENITEZ_154601,"ramirez benitez, edwin roberto"
https://www.misprofesores.com/profesores/Maria-del Carmen-Ramirez-Camacho_183550,"ramirez camacho, maria del carmen"
https://www.misprofesores.com/profesores/Rosa-Maria-Ramirez-de Garay_124300,"ramirez de garay, rosa maria"
https://www.misprofesores.com/profesores/Jose-Enrique-Ramirez-vega_113526,"ramirez vega, jose enrique"
https://www.misprofesores.com/profesores/Ma.-Elena-Ramos-Aceves_19933,"ramos aceves, ma. elena"
https://www.misprofesores.com/profesores/Ignacio-Ramos-Beltran_19938,"ramos beltran, ignacio"
https://www.misprofesores.com/profesores/mario-ramos-hernandez_23132,"ramos hernandez, mario"
https://www.misprofesores.com/profesores/Laura-Ramos-Languren_61493,"ramos languren, laura"
https://www.misprofesores.com/profesores/Javier-Ramos-Rosales_58691,"ramos rosales, javier"
https://www.misprofesores.com/profesores/Javier-Hernan-Ramos-Rosales_68683,"ramos rosales, javier hernan"
https://www.misprofesores.com/profesores/Victor-Ramirez-Amaya_42325,"ramirez amaya, victor"
https://www.misprofesores.com/profesores/Maura-Ramirez_35735,"ramirez, maura"
https://www.misprofesores.com/profesores/BLANCA-ESTELA-REGUERO-REZA_148051,"reguero reza, blanca estela"
https://www.misprofesores.com/profesores/Blanca-Estela-Reguero-Reza_36333,"reguero reza, blanca estela"
https://www.misprofesores.com/profesores/Blanca-Estela-Reguero-Reza_19939,"reguero reza, blanca estela"
https://www.misprofesores.com/profesores/Liliana-Patricia-Reveles-Quezada_84611,"reveles quezada, liliana patricia"
https://www.misprofesores.com/profesores/Azalea-Reyes-Aguilar_41590,"reyes aguilar, azalea"
https://www.misprofesores.com/profesores/Azalea-Reyes-aguilar_113650,"reyes aguilar, azalea"
https://www.misprofesores.com/profesores/Raul-Reyes-Contreras_85195,"reyes contreras, raul"
https://www.misprofesores.com/profesores/ANA-MARIA ELIZABETH-REYES-CORTES_43101,"reyes cortes, ana maria elizabeth"
https://www.misprofesores.com/profesores/David-Raunel-Reyes-Dominguez_36039,"reyes dominguez, david raunel"
https://www.misprofesores.com/profesores/DAVID-RAUNEL-REYES-DOMINGUEZ_166577,"reyes dominguez, david raunel"
https://www.misprofesores.com/profesores/Isabel-Reyes-Lagunes_28439,"reyes lagunes, isabel"
https://www.misprofesores.com/profesores/Ofelia-Reyes-Nicolat_41911,"reyes nicolat, ofelia"
https://www.misprofesores.com/profesores/maria-de lourdes-reyes-ponce_64516,"reyes ponce, maria de lourdes"
https://www.misprofesores.com/profesores/Jose-Luis-Reyes_23064,"luis reyes, jose"
https://www.misprofesores.com/profesores/LOURDES-REYES_53494,"reyes, lourdes"
https://www.misprofesores.com/profesores/maria-de lourdes-reyes_31456,"de lourdes reyes, maria"
https://www.misprofesores.com/profesores/Michael-Reyes_113633,"reyes, michael"
https://www.misprofesores.com/profesores/LEONARDO-REYNOSO-ERAZO_50626,"reynoso erazo, leonardo"
https://www.misprofesores.com/profesores/marco-Rigo-Lemini_35565,"rigo lemini, marco"
https://www.misprofesores.com/profesores/IRMA-YOLANDA-RIO-PORTILLA_63953,"rio portilla, irma yolanda"
https://www.misprofesores.com/profesores/Enriqueta-Rios-Santa Cruz Polanco_41363,"rios santa cruz polanco, enriqueta"
https://www.misprofesores.com/profesores/Alejandro-Rivas-Mendez_154872,"rivas mendez, alejandro"
https://www.misprofesores.com/profesores/carmen-riveira-p._29005,"riveira p., carmen"
https://www.misprofesores.com/profesores/Maria-del Carmen-Riveira-Perez_42633,"riveira perez, maria del carmen"
https://www.misprofesores.com/profesores/Sofia-Rivera-Aragon_30428,"rivera aragon, sofia"
https://www.misprofesores.com/profesores/Jorge-Luis-Rivera-Garcia_181195,"rivera garcia, jorge luis"
https://www.misprofesores.com/profesores/Jorge-Luis-Rivero-Garcia_177284,"rivero garcia, jorge luis"
https://www.misprofesores.com/profesores/Angelica-Riveros-Rosas_65324,"riveros rosas, angelica"
https://www.misprofesores.com/profesores/Alicia-Roca-Cogordan_49776,"roca cogordan, alicia"
https://www.misprofesores.com/profesores/Luz-Maria del Rosario-Rocha-Gimenez_43907,"rocha gimenez, luz maria del rosario"
https://www.misprofesores.com/profesores/Luz-maria-Rocha-Jimenez_95676,"rocha jimenez, luz maria"
https://www.misprofesores.com/profesores/tania-esmeralda-rocha-sanches_31062,"rocha sanches, tania esmeralda"
https://www.misprofesores.com/profesores/Rodrigo-Rodrigo-Benavides Zapata_159827,"rodrigo benavides zapata, rodrigo"
https://www.misprofesores.com/profesores/Moises-Eduardo-Rodriguez-Olvera_126255,"rodriguez olvera, moises eduardo"
https://www.misprofesores.com/profesores/Dolores-Rodriguez-Ortiz_26611,"rodriguez ortiz, dolores"
https://www.misprofesores.com/profesores/Ivonne-Rodriguez_118176,"rodriguez, ivonne"
https://www.misprofesores.com/profesores/Gabriela-Eugenia-Rodriguez-Ceja_164364,"rodriguez ceja, gabriela eugenia"
https://www.misprofesores.com/profesores/Carlos-Augusto-Rodriguez-duran_125274,"rodriguez duran, carlos augusto"
https://www.misprofesores.com/profesores/Katia-Rodriguez-Gonzalez_51148,"rodriguez gonzalez, katia"
https://www.misprofesores.com/profesores/Victor-Manuel-Rodriguez-Molina_56327,"rodriguez molina, victor manuel"
https://www.misprofesores.com/profesores/Aidee-Elena-Rodriguez-Serrano_100817,"rodriguez serrano, aidee elena"
https://www.misprofesores.com/profesores/Erminda-Rodriguez_70444,"rodriguez, erminda"
https://www.misprofesores.com/profesores/Gabriela-Eugenia-Rodriguez_141177,"eugenia rodriguez, gabriela"
https://www.misprofesores.com/profesores/Luis-Miguel-rodriguez_62922,"miguel rodriguez, luis"
https://www.misprofesores.com/profesores/Gilda-Rojas-Fernandez_77316,"rojas fernandez, gilda"
https://www.misprofesores.com/profesores/Olga-araceli-Rojas-ramoS_125755,"rojas ramos, olga araceli"
https://www.misprofesores.com/profesores/Olga-Araceli-Rojas-Ramos_19937,"rojas ramos, olga araceli"
https://www.misprofesores.com/profesores/Sylvia-Margarita-Rojas-Ramirez_47287,"rojas ramirez, sylvia margarita"
https://www.misprofesores.com/profesores/Carlos-Rojas_30371,"rojas, carlos"
https://www.misprofesores.com/profesores/Laura-Rojo-Ornelas_133637,"rojo ornelas, laura"
https://www.misprofesores.com/profesores/Laura-Rojo-Ornelas_133626,"rojo ornelas, laura"
https://www.misprofesores.com/profesores/Daniela-Roldan_110150,"roldan, daniela"
https://www.misprofesores.com/profesores/martha-romay-morales_32454,"romay morales, martha"
https://www.misprofesores.com/profesores/Daniel-Romero-Andrade_155756,"romero andrade, daniel"
https://www.misprofesores.com/profesores/Karina-Romero-Garcia_64798,"romero garcia, karina"
https://www.misprofesores.com/profesores/Gabriela-Romero-Garcia_41054,"romero garcia, gabriela"
https://www.misprofesores.com/profesores/PATRICIA-ROMERO_35770,"romero, patricia"
https://www.misprofesores.com/profesores/PATRICIA-ROMERO_35769,"romero, patricia"
https://www.misprofesores.com/profesores/Talia-Roman_141154,"roman, talia"
https://www.misprofesores.com/profesores/emma-vivian-root-groos_32382,"root groos, emma vivian"
https://www.misprofesores.com/profesores/Marcela-Rosas-Pena_171906,"rosas pena, marcela"
https://www.misprofesores.com/profesores/Milena-Rosenverg-Celis_55463,"rosenverg celis, milena"
https://www.misprofesores.com/profesores/Emma-Vivian-Roth-Gross_41418,"roth gross, emma vivian"
https://www.misprofesores.com/profesores/Karen-Polett-Rubio-Exiga_172638,"rubio exiga, karen polett"
https://www.misprofesores.com/profesores/ALEJANDRA-EVELYN-RUIZ-CONTRERAS_109056,"ruiz contreras, alejandra evelyn"
https://www.misprofesores.com/profesores/Veronica-Ruiz-Gonzalez_130900,"ruiz gonzalez, veronica"
https://www.misprofesores.com/profesores/Alejandra-Ruiz_24105,"ruiz, alejandra"
https://www.misprofesores.com/profesores/Jorge-Ruiz_26688,"ruiz, jorge"
https://www.misprofesores.com/profesores/Javier-Dario-Rios_152068,"dario rios, javier"
https://www.misprofesores.com/profesores/Wady-Alexander-Rios_123823,"alexander rios, wady"
https://www.misprofesores.com/profesores/ELISA-SAAD-DAYAN_60865,"saad dayan, elisa"
https://www.misprofesores.com/profesores/Inda-Guadalue-Saenz-Romero_68239,"saenz romero, inda guadalue"
https://www.misprofesores.com/profesores/pablo-saenz_37108,"saenz, pablo"
https://www.misprofesores.com/profesores/guadalupe-saez-romero_29660,"saez romero, guadalupe"
https://www.misprofesores.com/profesores/Erik-Salazar_35640,"salazar, erik"
https://www.misprofesores.com/profesores/Mariana-Salcedo_104572,"salcedo, mariana"
https://www.misprofesores.com/profesores/Alfonso-Rafael-Salgado-Benitez_19931,"salgado benitez, alfonso rafael"
https://www.misprofesores.com/profesores/Octavio-Salvador-Ginez_171800,"salvador ginez, octavio"
https://www.misprofesores.com/profesores/Octavio-Salvador_171791,"salvador, octavio"
https://www.misprofesores.com/profesores/Laura-Angela-Samarriba-Rocha_74846,"samarriba rocha, laura angela"
https://www.misprofesores.com/profesores/Rozzana-Sanchez-Aragon_32555,"sanchez aragon, rozzana"
https://www.misprofesores.com/profesores/Sanchez-Carrasco Livia-Sanchez-Carrasco Livia_161114,"sanchez carrasco livia, sanchez carrasco livia"
https://www.misprofesores.com/profesores/Hugo-Sanchez-Castillo_26623,"sanchez castillo, hugo"
https://www.misprofesores.com/profesores/Gerardo-Sanchez-Dinorin_104459,"sanchez dinorin, gerardo"
https://www.misprofesores.com/profesores/ELDA-LUISA-SANCHEZ-FERNANDEZ_51429,"sanchez fernandez, elda luisa"
https://www.misprofesores.com/profesores/Jose-Luis-Sanchez-Gamez_32289,"sanchez gamez, jose luis"
https://www.misprofesores.com/profesores/Rebeca-Sanchez-Monroy_59677,"sanchez monroy, rebeca"
https://www.misprofesores.com/profesores/gloria-sanchez_55613,"sanchez, gloria"
https://www.misprofesores.com/profesores/juan-manuel-sanchez_36969,"manuel sanchez, juan"
https://www.misprofesores.com/profesores/Guadalupe-Santaella_31497,"santaella, guadalupe"
https://www.misprofesores.com/profesores/Dulce-Viridiana-Santiago-Garcia_154871,"santiago garcia, dulce viridiana"
https://www.misprofesores.com/profesores/Raul-Santibanez_134175,"santibanez, raul"
https://www.misprofesores.com/profesores/Lizeth-Yael-Santos-Torres_165192,"santos torres, lizeth yael"
https://www.misprofesores.com/profesores/Carlos-Santoyo-Velasco_35749,"santoyo velasco, carlos"
https://www.misprofesores.com/profesores/Victor-Fidel-Sastre-Rodriguez_19953,"sastre rodriguez, victor fidel"
https://www.misprofesores.com/profesores/jesus-segura-hidalgo_31309,"segura hidalgo, jesus"
https://www.misprofesores.com/profesores/celso-serra_23775,"serra, celso"
https://www.misprofesores.com/profesores/Laura-Shneidman_94822,"shneidman, laura"
https://www.misprofesores.com/profesores/Cecilia-Silva-Gutierrez_26682,"silva gutierrez, cecilia"
https://www.misprofesores.com/profesores/Karina-Simon_28275,"simon, karina"
https://www.misprofesores.com/profesores/Leonardo-Soler-Anguiano_175263,"soler anguiano, leonardo"
https://www.misprofesores.com/profesores/victor-manuel-solis_23769,"manuel solis, victor"
https://www.misprofesores.com/profesores/Rodolfo-Solis-Vivanco_41894,"solis vivanco, rodolfo"
https://www.misprofesores.com/profesores/LAURA-SOMARRIBA-ROCHA_27838,"somarriba rocha, laura"
https://www.misprofesores.com/profesores/Janett-Esmeralda-Sosa-Torralba_93216,"sosa torralba, janett esmeralda"
https://www.misprofesores.com/profesores/Gabriel-Soto-Cristobal_159961,"soto cristobal, gabriel"
https://www.misprofesores.com/profesores/Juan-Soto_58833,"soto, juan"
https://www.misprofesores.com/profesores/erika-souza_28485,"souza, erika"
https://www.misprofesores.com/profesores/Karla-Suarez-Rodriguez_87050,"suarez rodriguez, karla"
https://www.misprofesores.com/profesores/Gerardo-Sanchez-Dinorin_95957,"sanchez dinorin, gerardo"
https://www.misprofesores.com/profesores/Lizbeth-Sanchez-Garcia_108447,"sanchez garcia, lizbeth"
https://www.misprofesores.com/profesores/JOSE-LUIS-SANCHEZ-GAMEZ_23051,"sanchez gamez, jose luis"
https://www.misprofesores.com/profesores/Martha-Lorena-Sanchez-Padilla_133816,"sanchez padilla, martha lorena"
https://www.misprofesores.com/profesores/Juan-Jose-Sanchez-Sosa_53377,"sanchez sosa, juan jose"
https://www.misprofesores.com/profesores/Cuauhtemoc-Sanchez-Vega_142904,"sanchez vega, cuauhtemoc"
https://www.misprofesores.com/profesores/Carlos-Omar-Sanchez-Xicotencatl_59172,"sanchez xicotencatl, carlos omar"
https://www.misprofesores.com/profesores/livia-Sanchez_37247,"sanchez, livia"
https://www.misprofesores.com/profesores/Jose-Antonio-Talayero_34268,"antonio talayero, jose"
https://www.misprofesores.com/profesores/Emma-Teereira_56187,"teereira, emma"
https://www.misprofesores.com/profesores/Mario-Arturo-Tellez_78410,"arturo tellez, mario"
https://www.misprofesores.com/profesores/Raul-Tenorio_23052,"tenorio, raul"
https://www.misprofesores.com/profesores/marquina-teran-guillen_26636,"teran guillen, marquina"
https://www.misprofesores.com/profesores/Marquina-Teran-Guillen_19961,"teran guillen, marquina"
https://www.misprofesores.com/profesores/Jannete-Tierrablanca-Bermudez_83709,"tierrablanca bermudez, jannete"
https://www.misprofesores.com/profesores/Aldo-Toledo_124765,"toledo, aldo"
https://www.misprofesores.com/profesores/omar-torreblanca_37968,"torreblanca, omar"
https://www.misprofesores.com/profesores/Paulina-Torres-Carrillo_109241,"torres carrillo, paulina"
https://www.misprofesores.com/profesores/Alvaro-Florencio-Torres-Chavez_41379,"torres chavez, alvaro florencio"
https://www.misprofesores.com/profesores/Isabel-Torres-Knoop_80110,"torres knoop, isabel"
https://www.misprofesores.com/profesores/KARINA-TORRES-MALDONADO_27128,"torres maldonado, karina"
https://www.misprofesores.com/profesores/Frine-Torres_90603,"torres, frine"
https://www.misprofesores.com/profesores/Angel-Tovar-y Romo_53597,"tovar y romo, angel"
https://www.misprofesores.com/profesores/Edith-Trejo-Centeno_152986,"trejo centeno, edith"
https://www.misprofesores.com/profesores/MARTHA-PATRICIA-TREJO-MORALES_166473,"trejo morales, martha patricia"
https://www.misprofesores.com/profesores/Martha-Patricia-Trejo-Morales_167806,"trejo morales, martha patricia"
https://www.misprofesores.com/profesores/esther-trejo-oviedo_160092,"trejo oviedo, esther"
https://www.misprofesores.com/profesores/patricia-trejo_36011,"trejo, patricia"
https://www.misprofesores.com/profesores/Ana-Laura-Trigo-Clapes_180960,"trigo clapes, ana laura"
https://www.misprofesores.com/profesores/Rosalia-Trinella-Estudillo Flores_101933,"trinella estudillo flores, rosalia"
https://www.misprofesores.com/profesores/Raul-Emmanuel-Trujano_35737,"emmanuel trujano, raul"
https://www.misprofesores.com/profesores/Gabriel-Trujillo-Colotla_71429,"trujillo colotla, gabriel"
https://www.misprofesores.com/profesores/Ricardo-Trujillo-Correa_41591,"trujillo correa, ricardo"
https://www.misprofesores.com/profesores/Pitoloco-Tucola_121489,"tucola, pitoloco"
https://www.misprofesores.com/profesores/Claudio-Arturo-Tzompantzi-Miguel_104570,"tzompantzi miguel, claudio arturo"
https://www.misprofesores.com/profesores/javier-urbina-soria_53320,"urbina soria, javier"
https://www.misprofesores.com/profesores/FELIPE-URIBE_24989,"uribe, felipe"
https://www.misprofesores.com/profesores/Israel-Vaca-Palomares_94385,"vaca palomares, israel"
https://www.misprofesores.com/profesores/Karla-Valderrama_33113,"valderrama, karla"
https://www.misprofesores.com/profesores/Pablo-Valderrama_25668,"valderrama, pablo"
https://www.misprofesores.com/profesores/Maria-Fernanda-Valencia-Camargo_82806,"valencia camargo, maria fernanda"
https://www.misprofesores.com/profesores/Matilde-Valencia-Flores_53107,"valencia flores, matilde"
https://www.misprofesores.com/profesores/Andromeda-Valencia-Ortiz_51603,"valencia ortiz, andromeda"
https://www.misprofesores.com/profesores/alejandra-valencia_26695,"valencia, alejandra"
https://www.misprofesores.com/profesores/Kenji-Valencia_106597,"valencia, kenji"
https://www.misprofesores.com/profesores/Jorge-Alfonso-Valenzuela-Vallejo_19950,"valenzuela vallejo, jorge alfonso"
https://www.misprofesores.com/profesores/Maria-Asuncion-Valenzuela_35564,"asuncion valenzuela, maria"
https://www.misprofesores.com/profesores/Mirna-Valle-G._31294,"valle g., mirna"
https://www.misprofesores.com/profesores/Victoria-Magdalena-Varela-Macedo_40721,"varela macedo, victoria magdalena"
https://www.misprofesores.com/profesores/Juan-Varela_28272,"varela, juan"
https://www.misprofesores.com/profesores/Aurora-Vargas-Tomero_67610,"vargas tomero, aurora"
https://www.misprofesores.com/profesores/GABRIEL-VAZQUEZ-FERNANDEZ_43248,"vazquez fernandez, gabriel"
https://www.misprofesores.com/profesores/Fernando-Vazquez-Pineda_32453,"vazquez pineda, fernando"
https://www.misprofesores.com/profesores/Lizbeth-Vega-Perez_105579,"vega perez, lizbeth"
https://www.misprofesores.com/profesores/Lizbeth-Vega-Perez_105578,"vega perez, lizbeth"
https://www.misprofesores.com/profesores/Javier-Vega-Rugerio_43338,"vega rugerio, javier"
https://www.misprofesores.com/profesores/Martha-Irene-Vega_83472,"irene vega, martha"
https://www.misprofesores.com/profesores/Rafael-Velazquez-Cruz_108444,"velazquez cruz, rafael"
https://www.misprofesores.com/profesores/DAVID-NATHANAEL-VELAZQUEZ-MARTINEZ_105794,"velazquez martinez, david nathanael"
https://www.misprofesores.com/profesores/david-nathanael-velazquez-matinez_74932,"velazquez matinez, david nathanael"
https://www.misprofesores.com/profesores/David-Velazquez_25111,"velazquez, david"
https://www.misprofesores.com/profesores/ALICIA-ELVIRA-VELEZ-GARCIA_156739,"velez garcia, alicia elvira"
https://www.misprofesores.com/profesores/Alicia-Velez_31308,"velez, alicia"
https://www.misprofesores.com/profesores/Rita-Velazquez-Lerma_19941,"velazquez lerma, rita"
https://www.misprofesores.com/profesores/Alicia-Marisela-Velazquez-Medina_46274,"velazquez medina, alicia marisela"
https://www.misprofesores.com/profesores/David-Ignacio-Velazquez-Rendon_139990,"velazquez rendon, david ignacio"
https://www.misprofesores.com/profesores/Marcos-Evencio-Verdejo-Manzano_19945,"verdejo manzano, marcos evencio"
https://www.misprofesores.com/profesores/Fabian-Vergara-Ovalle_167293,"vergara ovalle, fabian"
https://www.misprofesores.com/profesores/Marco-Antonio-Vicario-Ocampo_39765,"vicario ocampo, marco antonio"
https://www.misprofesores.com/profesores/Eduardo-Victor_21939,"victor, eduardo"
https://www.misprofesores.com/profesores/Jose-Luis-Villagomez_53058,"luis villagomez, jose"
https://www.misprofesores.com/profesores/Gabina-Villagran-Vazquez_75389,"villagran vazquez, gabina"
https://www.misprofesores.com/profesores/Tania-Villanueva-Martinez_105594,"villanueva martinez, tania"
https://www.misprofesores.com/profesores/Lamberto-Villanueva_19964,"villanueva, lamberto"
https://www.misprofesores.com/profesores/TANIA-Villanueva_94310,"villanueva, tania"
https://www.misprofesores.com/profesores/Tonatiuh-Villanueva_141091,"villanueva, tonatiuh"
https://www.misprofesores.com/profesores/Gabriela-Villarreal-Villafane_83240,"villarreal villafane, gabriela"
https://www.misprofesores.com/profesores/jose-francisco-villasana-reyes_158564,"villasana reyes, jose francisco"
https://www.misprofesores.com/profesores/Miguel-Alejandro-Villavicencio-Carranza_84380,"villavicencio carranza, miguel alejandro"
https://www.misprofesores.com/profesores/erika-villavicencio_35604,"villavicencio, erika"
https://www.misprofesores.com/profesores/Flay-Antonio-Villegas-Martinez_60860,"villegas martinez, flay antonio"
https://www.misprofesores.com/profesores/Silvia-Vite-San Pedro_43339,"vite san pedro, silvia"
https://www.misprofesores.com/profesores/Diana-Vazquez-Cruz_66222,"vazquez cruz, diana"
https://www.misprofesores.com/profesores/Ramses-Vazquez-Lira_26690,"vazquez lira, ramses"
https://www.misprofesores.com/profesores/Jaime-Winkler-Pytowski_59293,"winkler pytowski, jaime"
https://www.misprofesores.com/profesores/JAIME-WINKLER-PYTOWSKI_43254,"winkler pytowski, jaime"
https://www.misprofesores.com/profesores/patricia-wonchee_31452,"wonchee, patricia"
https://www.misprofesores.com/profesores/Karin-Wriedt-Runne_93026,"wriedt runne, karin"
https://www.misprofesores.com/profesores/Ulises-Xocolotzin-Eligio_63926,"xocolotzin eligio, ulises"
https://www.misprofesores.com/profesores/Dalila-Yussif-Roffe_43333,"yussif roffe, dalila"
https://www.misprofesores.com/profesores/Antonio-Zainos-Rosales_28123,"zainos rosales, antonio"
https://www.misprofesores.com/profesores/Irma-Zaldivar-Martinez_19958,"zaldivar martinez, irma"
https://www.misprofesores.com/profesores/oscar-Zamora_23774,"zamora, oscar"
https://www.misprofesores.com/profesores/Tomas-Zaragoza-Resendiz_41198,"zaragoza resendiz, tomas"
https://www.misprofesores.com/profesores/Carlos-Zepeda_159949,"zepeda, carlos"
https://www.misprofesores.com/profesores/German-Alvarez-Diaz de Leon_19942,"alvarez diaz de leon, german"
https://www.misprofesores.com/profesores/Jorge-Alvarez_131864,"alvarez, jorge"
https://www.misprofesores.com/profesores/Jorge-Alvarez_31616,"alvarez, jorge"
https://www.misprofesores.com/profesores/Raul-Avila-Santibanez_19940,"avila santibanez, raul"
